{"Epoch": 0, "LogisticLoss": 0.4830456580410825, "accuracy": 0.6826525033195345, "0.0": {"precision": 0.8403263403263403, "recall": 0.0827784156142365, "f1": 0.15071070234113712, "support": 8710}, "1.0": {"precision": 0.6771860352351705, "recall": 0.991891571969697, "f1": 0.8048698491979638, "support": 16896}, "macro_avg": {"precision": 0.7587561877807554, "recall": 0.5373349937919668, "f1": 0.47779027576955047, "support": 25606}, "macro_auc": 0.7323414002431028, "macro_aupoc": 0.8292889498216548}
{"Epoch": 1, "LogisticLoss": 0.47864337346101443, "accuracy": 0.6917128797937984, "0.0": {"precision": 0.8162790697674419, "recall": 0.1208955223880597, "f1": 0.21059999999999998, "support": 8710}, "1.0": {"precision": 0.6851044579700609, "recall": 0.9859730113636364, "f1": 0.8084538483936718, "support": 16896}, "macro_avg": {"precision": 0.7506917638687514, "recall": 0.5534342668758481, "f1": 0.5095269241968359, "support": 25606}, "macro_auc": 0.7367835823613575, "macro_aupoc": 0.831231733243871}
{"Epoch": 2, "LogisticLoss": 0.4769184536391805, "accuracy": 0.6969460282746232, "0.0": {"precision": 0.8029336734693877, "recall": 0.14454649827784155, "f1": 0.24498929752870208, "support": 8710}, "1.0": {"precision": 0.6900324486230136, "recall": 0.9817116477272727, "f1": 0.8104265402843602, "support": 16896}, "macro_avg": {"precision": 0.7464830610462007, "recall": 0.5631290730025571, "f1": 0.5277079189065311, "support": 25606}, "macro_auc": 0.7383210932607503, "macro_aupoc": 0.8313764827680525}
{"Epoch": 3, "LogisticLoss": 0.4759044418931392, "accuracy": 0.7002265094118566, "0.0": {"precision": 0.7950913242009132, "recall": 0.15993111366245694, "f1": 0.26629707512903844, "support": 8710}, "1.0": {"precision": 0.6932589922025656, "recall": 0.9787523674242424, "f1": 0.8116319018404908, "support": 16896}, "macro_avg": {"precision": 0.7441751582017394, "recall": 0.5693417405433496, "f1": 0.5389644884847646, "support": 25606}, "macro_auc": 0.737575823488545, "macro_aupoc": 0.8299136218486838}
{"Epoch": 4, "LogisticLoss": 0.4752102349111225, "accuracy": 0.7021010700617043, "0.0": {"precision": 0.7856388595564942, "recall": 0.17083811710677382, "f1": 0.28064881176914375, "support": 8710}, "1.0": {"precision": 0.6954284750337382, "recall": 0.9759706439393939, "f1": 0.8121552403467296, "support": 16896}, "macro_avg": {"precision": 0.7405336672951162, "recall": 0.5734043805230838, "f1": 0.5464020260579366, "support": 25606}, "macro_auc": 0.7367194600913701, "macro_aupoc": 0.8282996204665476}
{"Epoch": 5, "LogisticLoss": 0.47470482856729473, "accuracy": 0.7031945637741155, "0.0": {"precision": 0.7811550151975684, "recall": 0.1770378874856487, "f1": 0.288655934107076, "support": 8710}, "1.0": {"precision": 0.6966824644549763, "recall": 0.9744318181818182, "f1": 0.8124753257007501, "support": 16896}, "macro_avg": {"precision": 0.7389187398262723, "recall": 0.5757348528337335, "f1": 0.550565629903913, "support": 25606}, "macro_auc": 0.7359540461481926, "macro_aupoc": 0.8269773563442665}
{"Epoch": 6, "LogisticLoss": 0.47433812076244397, "accuracy": 0.7041708974459111, "0.0": {"precision": 0.7772349780166097, "recall": 0.18266360505166476, "f1": 0.2958073812401227, "support": 8710}, "1.0": {"precision": 0.697822488221062, "recall": 0.9730113636363636, "f1": 0.8127549128661475, "support": 16896}, "macro_avg": {"precision": 0.7375287331188358, "recall": 0.5778374843440142, "f1": 0.5542811470531351, "support": 25606}, "macro_auc": 0.7354454032829731, "macro_aupoc": 0.8258601423375947}
{"Epoch": 7, "LogisticLoss": 0.47408655804071026, "accuracy": 0.7043271108333984, "0.0": {"precision": 0.7744578313253012, "recall": 0.18450057405281287, "f1": 0.2980064904960594, "support": 8710}, "1.0": {"precision": 0.6981428753559135, "recall": 0.9723011363636364, "f1": 0.8127241694906869, "support": 16896}, "macro_avg": {"precision": 0.7363003533406074, "recall": 0.5784008552082246, "f1": 0.5553653299933732, "support": 25606}, "macro_auc": 0.7352117322587238, "macro_aupoc": 0.8256293732642317}
{"Epoch": 8, "LogisticLoss": 0.4739378931127216, "accuracy": 0.7045614309146294, "0.0": {"precision": 0.7740545715653423, "recall": 0.18564867967853044, "f1": 0.2994721733493842, "support": 8710}, "1.0": {"precision": 0.6983883998809371, "recall": 0.9720643939393939, "f1": 0.8128077598792467, "support": 16896}, "macro_avg": {"precision": 0.7362214857231397, "recall": 0.5788565368089622, "f1": 0.5561399666143154, "support": 25606}, "macro_auc": 0.7351152107958894, "macro_aupoc": 0.8253501756390506}
{"Epoch": 9, "LogisticLoss": 0.4738789201060294, "accuracy": 0.7046004842615012, "0.0": {"precision": 0.7741626794258373, "recall": 0.18576349024110217, "f1": 0.2996296296296296, "support": 8710}, "1.0": {"precision": 0.6984180983160402, "recall": 0.9720643939393939, "f1": 0.8128278729090369, "support": 16896}, "macro_avg": {"precision": 0.7362903888709387, "recall": 0.578913942090248, "f1": 0.5562287512693332, "support": 25606}, "macro_auc": 0.7351137736253175, "macro_aupoc": 0.8253356437244089}
