{"Epoch": 0, "train_time": 283.87022066116333, "SLMLoss": 0.27298363054701535, "auc": 0.6983898502363638, "prf": {"0": {"f1": 0.7365337834483444, "precision": 0.7158642386342801, "recall": 0.7584324230372059}, "1": {"f1": 0.554243381265959, "precision": 0.5827092900035323, "recall": 0.528429111410084}, "avg": {"recall": 0.643430767223645, "f1": 0.6453885823571517, "precision": 0.6492867643189062}}}
{"Epoch": 1, "train_time": 247.69247245788574, "SLMLoss": 0.2261042852750925, "auc": 0.7648225872059642, "prf": {"0": {"f1": 0.7708840736183995, "precision": 0.7574905258171483, "recall": 0.7847597820196919}, "1": {"f1": 0.6240245239017395, "precision": 0.6426716455911058, "recall": 0.6064289832788776}, "avg": {"recall": 0.6955943826492847, "f1": 0.6974542987600695, "precision": 0.7000810857041271}}}
{"Epoch": 2, "train_time": 276.0030241012573, "SLMLoss": 0.19859076581378765, "auc": 0.8109025055870918, "prf": {"0": {"f1": 0.8026803636198995, "precision": 0.7901002258051737, "recall": 0.8156675902542763}, "1": {"f1": 0.6777260141158684, "precision": 0.6958208904860724, "recall": 0.6605484015632007}, "avg": {"recall": 0.7381079959087384, "f1": 0.7402031888678839, "precision": 0.7429605581456231}}}
{"Epoch": 3, "train_time": 256.14840841293335, "SLMLoss": 0.18043926130065002, "auc": 0.8349606429345341, "prf": {"0": {"f1": 0.8184786676167091, "precision": 0.8207295007813142, "recall": 0.8162401464107886}, "1": {"f1": 0.7176313921870389, "precision": 0.7145829032411745, "recall": 0.7207060029470177}, "avg": {"recall": 0.7684730746789031, "f1": 0.768055029901874, "precision": 0.7676562020112443}}}
{"Epoch": 4, "train_time": 271.489200592041, "SLMLoss": 0.16996108518004446, "auc": 0.849233112780222, "prf": {"0": {"f1": 0.8287737714347342, "precision": 0.8326007099224039, "recall": 0.824981852014682}, "1": {"f1": 0.734898661811127, "precision": 0.7297058312674678, "recall": 0.7401659299122301}, "avg": {"recall": 0.7825738909634561, "f1": 0.7818362166229306, "precision": 0.7811532705949358}}}
{"Epoch": 5, "train_time": 260.98071670532227, "SLMLoss": 0.16443238253827347, "auc": 0.8564205988510035, "prf": {"0": {"f1": 0.8338837719748097, "precision": 0.8365349988167385, "recall": 0.8312492970850757}, "1": {"f1": 0.7418758466810104, "precision": 0.7382402385257081, "recall": 0.745547440579153}, "avg": {"recall": 0.7883983688321143, "f1": 0.78787980932791, "precision": 0.7873876186712233}}}
{"Epoch": 6, "train_time": 260.0417959690094, "SLMLoss": 0.16125301374186674, "auc": 0.8604965426953064, "prf": {"0": {"f1": 0.8399280575539567, "precision": 0.8395076860221643, "recall": 0.8403488502867893}, "1": {"f1": 0.7489220510683315, "precision": 0.7495107318168693, "recall": 0.748334294317381}, "avg": {"recall": 0.7943415723020851, "f1": 0.7944250543111442, "precision": 0.7945092089195168}}}
{"Epoch": 7, "train_time": 254.9864444732666, "SLMLoss": 0.1586578959149782, "auc": 0.8619120405665702, "prf": {"0": {"f1": 0.8396223042707807, "precision": 0.838744235399747, "recall": 0.8405022135429979}, "1": {"f1": 0.7480889088531849, "precision": 0.749321077919365, "recall": 0.7468607854442949}, "avg": {"recall": 0.7936814994936464, "f1": 0.7938556065619828, "precision": 0.7940326566595559}}}
{"Epoch": 8, "train_time": 262.68662333488464, "SLMLoss": 0.1564745987808282, "auc": 0.8648065734743788, "prf": {"0": {"f1": 0.8407780315678423, "precision": 0.8422964445128521, "recall": 0.8392650832762482}, "1": {"f1": 0.751724908963138, "precision": 0.749617761355673, "recall": 0.7538439361906593}, "avg": {"recall": 0.7965545097334537, "f1": 0.7962514702654901, "precision": 0.7959571029342626}}}
{"Epoch": 9, "train_time": 275.43593192100525, "SLMLoss": 0.1544213457540227, "auc": 0.8665597858198595, "prf": {"0": {"f1": 0.8409601211147879, "precision": 0.8413775457987923, "recall": 0.8405431104113202}, "1": {"f1": 0.7511782922164696, "precision": 0.7505956854780675, "recall": 0.7517618040873855}, "avg": {"recall": 0.7961524572493528, "f1": 0.7960692066656287, "precision": 0.7959866156384299}}}
{"Epoch": 10, "train_time": 243.74178385734558, "SLMLoss": 0.15183560011266936, "auc": 0.8676636721166933, "prf": {"0": {"f1": 0.8411667212309707, "precision": 0.8417092372109213, "recall": 0.8406249041479649}, "1": {"f1": 0.7515960255364087, "precision": 0.7508391675457946, "recall": 0.7523544109167788}, "avg": {"recall": 0.7964896575323719, "f1": 0.7963813733836898, "precision": 0.796274202378358}}}
{"Epoch": 11, "train_time": 266.4626944065094, "SLMLoss": 0.1506978701886749, "auc": 0.8692745885983573, "prf": {"0": {"f1": 0.8415892198059483, "precision": 0.8415720113279692, "recall": 0.8416064289877002}, "1": {"f1": 0.7518339366370888, "precision": 0.7518580215274219, "recall": 0.7518098532897687}, "avg": {"recall": 0.7967081411387344, "f1": 0.7967115782215185, "precision": 0.7967150164276955}}}
{"Epoch": 12, "train_time": 272.0575716495514, "SLMLoss": 0.14734142620532095, "auc": 0.8704761112884066, "prf": {"0": {"f1": 0.8409912420178637, "precision": 0.8410815454154992, "recall": 0.8409009580091404}, "1": {"f1": 0.7509788378852298, "precision": 0.7508525865795668, "recall": 0.7511051316548145}, "avg": {"recall": 0.7960030448319775, "f1": 0.7959850399515467, "precision": 0.795967065997533}}}
{"Epoch": 13, "train_time": 254.1989026069641, "SLMLoss": 0.14526201325428706, "auc": 0.8712211338866611, "prf": {"0": {"f1": 0.8415173210279681, "precision": 0.8412035145075603, "recall": 0.841831361763473}, "1": {"f1": 0.7514964062212037, "precision": 0.7519362442473903, "recall": 0.7510570824524313}, "avg": {"recall": 0.7964442221079522, "f1": 0.7965068636245859, "precision": 0.7965698793774753}}}
{"Epoch": 14, "train_time": 274.33638763427734, "SLMLoss": 0.1423554533790591, "auc": 0.8745014168793916, "prf": {"0": {"f1": 0.8443687960662843, "precision": 0.8442479685184239, "recall": 0.844489658204423}, "1": {"f1": 0.756111627310884, "precision": 0.7562812459941033, "recall": 0.7559420846947273}, "avg": {"recall": 0.8002158714495752, "f1": 0.8002402116885842, "precision": 0.8002646072562636}}}
{"Epoch": 15, "train_time": 252.8241515159607, "SLMLoss": 0.13950548551414851, "auc": 0.8758478334907259, "prf": {"0": {"f1": 0.8458746228423519, "precision": 0.8447576122203414, "recall": 0.8469945913891643}, "1": {"f1": 0.7577379567139865, "precision": 0.7593161458417099, "recall": 0.7561663143058492}, "avg": {"recall": 0.8015804528475068, "f1": 0.8018062897781693, "precision": 0.8020368790310257}}}
{"Epoch": 16, "train_time": 239.8883991241455, "SLMLoss": 0.13745712210648484, "auc": 0.8759354838487394, "prf": {"0": {"f1": 0.8469663973296969, "precision": 0.8430286148391998, "recall": 0.8509411391822671}, "1": {"f1": 0.7573616018845701, "precision": 0.7630124516401704, "recall": 0.7517938368889743}, "avg": {"recall": 0.8013674880356207, "f1": 0.8021639996071335, "precision": 0.8030205332396851}}}
{"Epoch": 17, "train_time": 263.08083033561707, "SLMLoss": 0.1349977886149855, "auc": 0.8751135000104472, "prf": {"0": {"f1": 0.8455742438387333, "precision": 0.843813635252912, "recall": 0.847342214769904}, "1": {"f1": 0.756787157629175, "precision": 0.7592822480532672, "recall": 0.7543084118136972}, "avg": {"recall": 0.8008253132918006, "f1": 0.8011807007339542, "precision": 0.8015479416530895}}}
{"Epoch": 18, "train_time": 265.301411151886, "SLMLoss": 0.13248523659551262, "auc": 0.8752943595590869, "prf": {"0": {"f1": 0.8454203249416464, "precision": 0.844665346696332, "recall": 0.8461766540227182}, "1": {"f1": 0.7572916750202492, "precision": 0.7583559531649026, "recall": 0.7562303799090269}, "avg": {"recall": 0.8012035169658726, "f1": 0.8013559999809479, "precision": 0.8015106499306173}}}
{"Epoch": 19, "train_time": 257.64927101135254, "SLMLoss": 0.13029079826409046, "auc": 0.8755160037218875, "prf": {"0": {"f1": 0.8448231846171128, "precision": 0.8437892031372709, "recall": 0.8458597032932204}, "1": {"f1": 0.7561460941010334, "precision": 0.7576049906746415, "recall": 0.7546928054327632},